1,1,http://lovesphotoalbum.com/wp-content/uploads/2013/09/Small-Cobblestone-Street-In-Philly.jpg,0
2,1,http://upload.wikimedia.org/wikipedia/commons/5/5c/Philly_Street_Commons.jpg,0
3,1,http://home.comcast.net/~m.chitty/philadelphia2011june%20026.JPG,0
4,1,http://hiddencityphila.org/wp-content/uploads/2013/11/dsc_0025.jpeg,0
5,1,http://www.metromba.com/wp-content/uploads/2013/02/la-salle-library-Audrey-Wiki.jpg,0
16,1,http://www.sjsu.edu/housingoptions/pics/campus-housing.jpg,0
17,1,http://www.sjsu.edu/housingoptions/pics/housing_220.jpg,0
18,1,http://www.sjsu.edu/housingoptions/pics/international_house_220.jpg,0
19,1,http://www.sjsu.edu/housingoptions/pics/downtown_220.jpg,0
20,1,http://www.aa.com/content/images/production/marketing-headers/san-jose-del-cabo-destination.jpg,0
6,2,https://www.landegode.com/media/k2/items/cache/62fb5f1024529266c6e71c0c0c9ddb3c_XL.jpg,0
7,2,http://manseekingcoffee.com/wp-content/uploads/2010/03/sprucestreetfront-e1269060582373.jpg,0
8,2,http://manseekingcoffee.com/wp-content/uploads/2010/03/sprucestreetbar-e1269060644898.jpg,0
9,2,http://manseekingcoffee.com/wp-content/uploads/2010/03/sprucestreetespresso-e1269060764570.jpg,0
10,2,http://www.gourmet.com/images/restaurants/2009/09/rs-street-food-philadelphia-608.jpg,0
11,3,http://cdn1.buuteeq.com/upload/16449/100_0567.JPG.737x248_default.JPG,0
12,3,http://cdn1.buuteeq.com/upload/16449/100-04071.JPG.250x187_default.JPG,0
13,3,http://cdn1.buuteeq.com/upload/16449/100_0049.JPG.250x187_default.JPG,0
14,3,http://cdn1.buuteeq.com/upload/16449/dinner-meal-jan-2014.JPG.250x187_default.JPG,0
15,3,http://www.unforgettablehoneymoons.com/uploads/packages/packages_33_image_lg.jpg,0
21,4,http://jessexplainsitall.com/wp-content/uploads/2013/09/love-raleigh.jpg,0
22,4,http://jessexplainsitall.com/wp-content/uploads/2013/09/five-points.jpg,0
23,4,http://jessexplainsitall.com/wp-content/uploads/2013/09/gboro-art-walker-st.jpg,0
24,4,http://jessexplainsitall.com/wp-content/uploads/2013/09/NC-sign.jpg,0
25,4,http://www.flatgrassblog.com/wp-content/uploads/2009/01/1-plumbing-supplies-going-in-the-hole.jpg,0
1,6,http://img.ivsky.com/img/tupian/pre/201411/04/haishui_haitan-011.jpg,0
2,6,http://img.ivsky.com/img/tupian/pre/201411/04/haishui_haitan-001.jpg,0
3,6,http://img.ivsky.com/img/tupian/pre/201411/04/haishui_haitan-002.jpg,0
4,6,http://img.ivsky.com/img/tupian/pre/201411/04/haishui_haitan-003.jpg,0
5,6,http://img.ivsky.com/img/tupian/pre/201411/04/haishui_haitan-004.jpg,0
16,7,http://img.ivsky.com/img/tupian/pre/201411/04/haishui_haitan-004.jpg,0
17,7,http://img.ivsky.com/img/tupian/pre/201411/04/haishui_haitan-005.jpg,0
18,7,http://img.ivsky.com/img/tupian/pre/201411/04/haishui_haitan-006.jpg,0
19,7,http://img.ivsky.com/img/tupian/pre/201411/04/haishui_haitan-007.jpg,0
20,7,http://img.ivsky.com/img/tupian/pre/201411/04/haishui_haitan-008.jpg,0
21,7,http://img.ivsky.com/img/tupian/pre/201411/04/haishui_haitan-009.jpg,0
22,7,http://img.ivsky.com/img/tupian/pre/201411/04/haishui_haitan-010.jpg,0
23,7,http://img.ivsky.com/img/tupian/pre/201411/04/haishui_haitan-011.jpg,0
24,7,http://img.ivsky.com/img/tupian/pre/201411/04/haishui_haitan-010.jpg,0
25,7,http://img.ivsky.com/img/tupian/pre/201411/04/haishui_haitan-009.jpg,0
11,8,http://img.ivsky.com/img/tupian/pre/201411/04/haishui_haitan-010.jpg,0
12,8,http://img.ivsky.com/img/tupian/pre/201411/04/haishui_haitan-011.jpg,0
13,8,http://img.ivsky.com/img/tupian/pre/201411/04/haishui_haitan-001.jpg,0
14,8,http://img.ivsky.com/img/tupian/pre/201411/04/haishui_haitan-002.jpg,0
15,8,http://img.ivsky.com/img/tupian/pre/201411/04/haishui_haitan-003.jpg,0
6,9,http://img.ivsky.com/img/tupian/pre/201411/04/haishui_haitan-005.jpg,0
7,9,http://img.ivsky.com/img/tupian/pre/201411/04/haishui_haitan-006.jpg,0
8,9,http://img.ivsky.com/img/tupian/pre/201411/04/haishui_haitan-007.jpg,0
9,9,http://img.ivsky.com/img/tupian/pre/201411/04/haishui_haitan-008.jpg,0
10,9,http://img.ivsky.com/img/tupian/pre/201411/04/haishui_haitan-009.jpg,0
3,11,http://tinyurl.com/n9avfzg,0
4,11,http://tinyurl.com/l8monox,0
1,12,http://tinyurl.com/qbstpx3,0
2,16,http://www.pachd.com/free-images/nature-images/sunset-04.jpg,0
3,16,http://www.pachd.com/free-images/nature-images/nature-04.jpg,0
4,16,http://www.pachd.com/free-images/nature-images/nature-09.jpg,0
5,16,http://www.pachd.com/free-images/nature-images/nature-10.jpg,0
1,16,http://www.pachd.com/free-images/nature-images/nature-01.jpg,0
11,17,http://www.pachd.com/free-images/nature-images/nature-19.jpg,0
12,17,http://www.pachd.com/free-images/nature-images/nature-20.jpg,0
13,17,http://www.pachd.com/free-images/nature-images/nature-21.jpg,0
14,17,http://www.pachd.com/free-images/nature-images/nature-22.jpg,0
15,17,http://www.pachd.com/free-images/nature-images/nature-23.jpg,0
6,18,http://www.pachd.com/free-images/nature-images/nature-05.jpg,0
7,18,http://www.pachd.com/free-images/nature-images/nature-15.jpg,0
8,18,http://www.pachd.com/free-images/nature-images/nature-16.jpg,0
9,18,http://www.pachd.com/free-images/nature-images/nature-17.jpg,0
10,18,http://www.pachd.com/free-images/nature-images/nature-18.jpg,0
21,19,http://www.pachd.com/free-images/nature-images/nature-29.jpg,0
22,19,http://www.pachd.com/free-images/nature-images/nature-30.jpg,0
23,19,http://www.pachd.com/free-images/nature-images/nature-31.jpg,0
24,19,http://www.pachd.com/free-images/nature-images/nature-32.jpg,0
25,19,http://www.pachd.com/free-images/nature-images/nature-33.jpg,0
16,20,http://www.pachd.com/free-images/nature-images/nature-24.jpg,0
17,20,http://www.pachd.com/free-images/nature-images/nature-25.jpg,0
18,20,http://www.pachd.com/free-images/nature-images/nature-26.jpg,0
19,20,http://www.pachd.com/free-images/nature-images/nature-27.jpg,0
20,20,http://www.pachd.com/free-images/nature-images/nature-28.jpg,0
1,21,bit.ly/12345,0
2,21,bit.ly/2,0
3,21,bit.ly/3,0
4,21,bit.ly/4,0
5,21,www.youtube.com/watch?v=dQw4w9WgXcQ,0
6,22,bit.ly/6,0
7,22,bit.ly/7,0
8,22,bit.ly/8,0
9,22,bit.ly/9,0
10,22,bit.ly/10,0
15,23,bit.ly/10229111115,0
16,23,bit.ly/103299,0
17,23,bit.ly/103257,0
18,23,bit.ly/5000055,0
19,23,bit.ly/nonexistent,0
20,24,bit.ly/10221,0
21,24,bit.ly/102232491,0
22,24,bit.ly/12491,0
23,24,bit.ly/1032232491,0
24,24,bit.ly/10223249991,0
26,25,bit.ly/1022324291,0
27,25,bit.ly/122491,0
28,25,bit.ly/10322322491,0
29,25,bit.ly/10223224491,0
30,25,bit.ly/102232249991,0
1,26,http://upload.wikimedia.org/wikipedia/commons/2/2b/GoraBeluha.jpg,0
2,26,http://i.telegraph.co.uk/multimedia/archive/02625/mountain1_2625884k.jpg,0
3,26,http://upload.wikimedia.org/wikipedia/commons/2/20/Red_Slate_Mountain_1.jpg,0
4,26,http://upload.wikimedia.org/wikipedia/commons/d/d3/Tajik_mountains_edit.jpg,0
5,26,http://www.mrwallpaper.com/wallpapers/mountains-scenery.jpg,0
6,27,http://ichef.bbci.co.uk/naturelibrary/images/ic/credit/640x395/m/mo/mountain/mountain_1.jpg,0
7,27,http://channel.nationalgeographic.com/exposure/content/photo/photo/50757_mountains-of-chile_u4otpkuoohegc34cxym6cgqbe3ncurxrbvj6lwuht2ya6mzmafma_610x457.jpg,0
8,27,http://i.telegraph.co.uk/multimedia/archive/02423/london_2423609b.jpg,0
9,27,http://srinistuff.files.wordpress.com/2014/08/london_nla_londonsgrowingupc2a9cpat-hayes-davidson-jason-hawkes.jpg,0
10,27,http://libertychurchlondon.com/wp-content/uploads/2013/01/london1.jpg,0
11,28,http://cdni.wired.co.uk/1920x1280/k_n/London_5.jpg,0
12,28,http://web.fredonia.edu/iecmap/sites/default/files/images/city-of-London.jpg,0
13,28,http://cache.graphicslib.viator.com/graphicslib/thumbs674x446/2050/SITours/eiffel-tower-paris-moulin-rouge-show-and-seine-river-cruise-in-paris-150305.jpg,0
14,28,http://img4.wikia.nocookie.net/__cb20131213104910/disney/images/f/f6/Eiffel_Tower,_Paris.jpg,0
15,28,http://oproimg-mdz.open-system.fr/boutique/otparis-museumpass/pcp/arc_600_390.jpg,0
16,29,http://www.milanocard.it/wp-content/uploads/2014/03/Venezia-milano.jpg,0
17,29,http://i.telegraph.co.uk/multimedia/archive/02370/Venice-winter_2370349b.jpg,0
18,29,http://www.telegraph.co.uk/travel/destination/article129429.ece/ALTERNATES/w620/venicetravelguide5.jpg,0
19,29,http://foundtheworld.com/wp-content/uploads/2014/07/Venice-Italy-3.jpg,0
20,29,http://www.newjetsetters.com/wp-content/uploads/2013/06/Venice-at-Night.jpg,0
21,30,http://www.topvisitplaces.com/wp-content/uploads/2014/02/rialto-bridge-venice-italy.jpg,0
22,30,http://www.bmiregional.com/upload/milan.jpg,0
23,30,http://cache.graphicslib.viator.com/graphicslib/media/68/cinque-terre-day-trip-from-milan-photo_1079656-fit468x296.jpg,0
24,30,http://drupal.in-cdn.net/cdn/article/public/living_in_milan.jpg,0
25,30,http://www.castanotours.com/images/info-milan4.jpg,0
26,30,http://upload.wikimedia.org/wikipedia/commons/2/23/Hong_Kong_Skyline_Restitch_-_Dec_2007.jpg,0
21,34,http://img4.wikia.nocookie.net/__cb20131213104910/disney/images/f/f6/Eiffel_Tower,_Paris.jpg,0
22,34,http://worth1000.s3.amazonaws.com/submissions/10740500/10740751_5342_625x1000.jpg,0
23,34,http://wac.450f.edgecastcdn.net/80450F/wkxzfm.com/files/2012/05/Rocket-Eiffel-Tower.jpg,0
24,34,http://i.dailymail.co.uk/i/pix/2014/01/03/article-2533373-1A67496300000578-171_634x508.jpg,0
25,34,http://photography.incyder.info/media/uploads/2013/02/forced-perspective-funny-photos-Flickr-benjaminasmith-2013-02-19-CC-BY-SA-2.0.jpg,0
1,34,http://affairstoday.co.uk/wp-content/uploads/2014/09/Sunrise-in-Prague.jpg,0
2,34,http://www.toimg.net/managed/images/10021443/image.jpg,0
6,34,http://ibfm2014.org/pictures/big/Prague_sunrise_(8099151633.jpg,0
7,34,http://www.maierandmaierphotography.com/wp-content/uploads/2013/03/astronomical-clock-prague-czech-republic.jpg,0
8,34,https://www.youtube.com/watch?v=ZVNGtB0NMy8,1
10,34,http://www.purpletravel.co.uk/images/destinations/462-Cape_Verde/Cape_Verde_Cheap_holidays_with_PurpleTravel_11.jpg,0
11,34,http://newmedia.thomson.co.uk/live/vol/0/6ab03ca2d33770e0b8a1b0eadaa59b10a326b86f/1080x608/web/AFRICACAPEVERDECAPEVERDEISLANDSBOAVISTARES_004235ROYALDECAMERONBOAVISTA.jpg,0
12,34,http://www.charterflights.co.uk/assets/countries/440x280/35/3992876195.jpg,0
13,34,http://www.cvlifestyle.com/1/wp-content/uploads/maio_praia_Cape-Verde-Wallpaper.jpg,0
14,34,http://www.divereport.com/assets/Uploads/location-photos/5595972322765335822771048895529n.jpg,0
1001,35,http://affairstoday.co.uk/wp-content/uploads/2014/09/Sunrise-in-Prague.jpg,0
1002,35,http://www.toimg.net/managed/images/10021443/image.jpg,0
1006,35,http://ibfm2014.org/pictures/big/Prague_sunrise_(8099151633.jpg,0
1007,35,http://www.maierandmaierphotography.com/wp-content/uploads/2013/03/astronomical-clock-prague-czech-republic.jpg,0
1008,35,https://www.youtube.com/watch?v=ZVNGtB0NMy8,0
710,35,http://www.purpletravel.co.uk/images/destinations/462-Cape_Verde/Cape_Verde_Cheap_holidays_with_PurpleTravel_11.jpg,0
711,35,http://newmedia.thomson.co.uk/live/vol/0/6ab03ca2d33770e0b8a1b0eadaa59b10a326b86f/1080x608/web/AFRICACAPEVERDECAPEVERDEISLANDSBOAVISTARES_004235ROYALDECAMERONBOAVISTA.jpg,0
512,35,http://www.charterflights.co.uk/assets/countries/440x280/35/3992876195.jpg,0
513,35,http://www.cvlifestyle.com/1/wp-content/uploads/maio_praia_Cape-Verde-Wallpaper.jpg,0
514,35,http://www.divereport.com/assets/Uploads/location-photos/5595972322765335822771048895529n.jpg,0
101,36,http://www.purpletravel.co.uk/images/destinations/462-Cape_Verde/Cape_Verde_Cheap_holidays_with_PurpleTravel_11.jpg,0
111,36,http://newmedia.thomson.co.uk/live/vol/0/6ab03ca2d33770e0b8a1b0eadaa59b10a326b86f/1080x608/web/AFRICACAPEVERDECAPEVERDEISLANDSBOAVISTARES_004235ROYALDECAMERONBOAVISTA.jpg,0
112,36,http://www.charterflights.co.uk/assets/countries/440x280/35/3992876195.jpg,0
713,36,http://www.cvlifestyle.com/1/wp-content/uploads/maio_praia_Cape-Verde-Wallpaper.jpg,0
714,36,http://www.divereport.com/assets/Uploads/location-photos/5595972322765335822771048895529n.jpg,0
210,37,http://www.purpletravel.co.uk/images/destinations/462-Cape_Verde/Cape_Verde_Cheap_holidays_with_PurpleTravel_11.jpg,0
211,37,http://newmedia.thomson.co.uk/live/vol/0/6ab03ca2d33770e0b8a1b0eadaa59b10a326b86f/1080x608/web/AFRICACAPEVERDECAPEVERDEISLANDSBOAVISTARES_004235ROYALDECAMERONBOAVISTA.jpg,0
212,37,http://www.charterflights.co.uk/assets/countries/440x280/35/3992876195.jpg,0
213,37,http://www.cvlifestyle.com/1/wp-content/uploads/maio_praia_Cape-Verde-Wallpaper.jpg,0
214,37,http://www.divereport.com/assets/Uploads/location-photos/5595972322765335822771048895529n.jpg,0
310,38,http://www.purpletravel.co.uk/images/destinations/462-Cape_Verde/Cape_Verde_Cheap_holidays_with_PurpleTravel_11.jpg,0
311,38,http://newmedia.thomson.co.uk/live/vol/0/6ab03ca2d33770e0b8a1b0eadaa59b10a326b86f/1080x608/web/AFRICACAPEVERDECAPEVERDEISLANDSBOAVISTARES_004235ROYALDECAMERONBOAVISTA.jpg,0
312,38,http://www.charterflights.co.uk/assets/countries/440x280/35/3992876195.jpg,0
813,38,http://www.cvlifestyle.com/1/wp-content/uploads/maio_praia_Cape-Verde-Wallpaper.jpg,0
814,38,http://www.divereport.com/assets/Uploads/location-photos/5595972322765335822771048895529n.jpg,0
1,39,http://triathlonquebec.objectif226.ca/wp-content/uploads/2012/03/2014.jpg,0
2,39,http://media-cdn.tripadvisor.com/media/photo-s/05/27/cc/bc/place-jacques-cartier.jpg,0
3,39,http://upload.wikimedia.org/wikipedia/commons/d/d7/Universit%C3%A9_de_Montr%C3%A9al.JPG,0
4,39,http://media.expedia.com/media/content/shared/images/travelguides/destination/178288/Montreal-48957.jpg,0
5,39,http://images.nationalgeographic.com/wpf/media-live/photos/000/544/cache/montreal-notre-dame_54459_600x450.jpg,0
6,40,http://upload.wikimedia.org/wikipedia/commons/3/39/NYC_Top_of_the_Rock_Pano.jpg,0
7,40,http://i.huffpost.com/gen/1151206/thumbs/o-ANTI-GAY-ATTACKS-NEW-YORK-facebook.jpg,0
8,40,http://graphics8.nytimes.com/images/2011/07/03/travel/03checkin_span/03checkin_span-articleLarge.jpg,0
9,40,https://www.youtube.com/watch?v=Nsec4hWZz2M,1
10,40,http://www.nyhabitat.com/blog/wp-content/uploads/2012/06/fireworks-new-york-brooklyn-macys-july-4th-nyc.jpg,0
11,41,http://www.keralatourskerala.com/gifs/kerala-tours3.jpg,0
12,41,http://www.bargaintravel4u.co.uk/assets/kerala-holidays_2.jpg,0
13,41,http://main.orangetrips.com/wordpress/wp-content/uploads/2013/06/keralatreehouse2.jpg,0
14,41,http://images.boomsbeat.com/data/images/full/2648/32-jpg.jpg,0
15,41,http://planetden.com/wp-content/uploads/2014/03/taj11.jpg,0
16,42,http://2.bp.blogspot.com/-nxEBRLkWghw/URi76xnKL2I/AAAAAAAAMoQ/0dw7rsG_tFA/s1600/Blue+Mosques+in+Turkey.jpg,0
17,42,http://universityi.com/wp-content/uploads/2012/09/turkey-country-turciya.jpg,0
18,42,http://www.smartsailing.org/images/galeri/marmaris/marmaris%20(5).jpg,0
19,42,http://www.travelingmyself.com/wp-content/uploads/2013/09/Facts-About-Turkey-Country-Demre-in-Antalya-600x450.jpg,0
20,42,https://www.youtube.com/watch?v=wyrRjq7Tj8s,1
21,43,http://www.anpc.com/wp-content/uploads/2012/10/antarctica-travel-holiday-wallpapers_88.jpg,0
22,43,http://i.telegraph.co.uk/multimedia/archive/02642/antarctica_2642820b.jpg,0
23,43,http://www.nathab.com/uploaded-files/carousels/TRIPS/Antarctica-Falklands/Antarctica-Falklands-South-Georgia-humpback.jpg,0
24,43,http://www.nhm.ac.uk/resources-rx/images/1008/adelie-penguins_107750_1.jpg,0
25,43,http://i.telegraph.co.uk/multimedia/archive/02192/penguins-camera_2192455k.jpg,0
1,44,http://www.thousandwonders.net/Rocky+Mountain+National+Park,0
2,44,https://encrypted-tbn0.gstatic.com/images?q=tbn:ANd9GcToDgINPQGXjqw77p6jsTmI7iBHhW7q4b9tv_LpdN1qnN19Vner,0
3,44,https://encrypted-tbn2.gstatic.com/images?q=tbn:ANd9GcQbcI4WYMoVSPek2cX1UuEJIyVlqRDFBOjkT_1clQlCaQ0SDf1xmw,0
4,44,https://encrypted-tbn1.gstatic.com/images?q=tbn:ANd9GcSbZ2T8tKhHcPEMJ5ZeUbMeQFLrhpP6LYeEh1wHVT6IJoy1tnblzg,0
5,44,https://encrypted-tbn3.gstatic.com/images?q=tbn:ANd9GcSCOXhDWG2_3uU8r1cbtDx_EIDa2qRbcqeHHHY1Cza0wJJ1gdER,0
6,45,http://upload.wikimedia.org/wikipedia/commons/d/dc/Skyscrapers_of_Shinjuku_2009_January_(revised).jpg,0
7,45,http://www.lawlormediagroup.com/wp-content/uploads/Tokyo-Skytree1.jpg,0
8,45,http://www.seejapan.co.uk/Libraries/New_Site_Images/TOKYO-SKYTREE-credit-to-_c.sflb.ashx,0
9,45,http://cache.graphicslib.viator.com/graphicslib/destination/tokyo-168353.jpg,0
10,45,https://encrypted-tbn2.gstatic.com/images?q=tbn:ANd9GcTElvAUxfCzD2gyYF7RUZ4wMBkqA0_xjlisWWjX3gIauQ7tHvmRGQ,0
11,46,http://lerablog.org/wp-content/uploads/2013/05/alaska-mountains.jpg,0
12,46,http://d1jqu7g1y74ds1.cloudfront.net/wp-content/uploads/2014/03/IMG_0825lrweb.jpg,0
13,46,http://www.alaska-travel.net/Alaska-slides/fullsize/Alaska-Railroad.jpg,0
14,46,https://encrypted-tbn3.gstatic.com/images?q=tbn:ANd9GcQW3x0aCmkl2zthiXOQ90Ghu6wFX-5ffgM4AERWmByVg3A1a7gE,0
15,46,https://encrypted-tbn2.gstatic.com/images?q=tbn:ANd9GcQa2-_WgFVtQ51u2Pijjgd-oUgDZjzDVaXA7yYuobL1jbpKzrhx,0
16,47,http://www.palladiumdiscoverypromo.com/wp-content/uploads/2014/04/Caribbean-Sea-Beach.jpg,0
17,47,http://hdwallpaper.freehdw.com/0002/nature-landscapes_hdwallpaper_crystal-clear-caribbean-sea_19142.jpg,0
18,47,https://encrypted-tbn3.gstatic.com/images?q=tbn:ANd9GcSfCkwhYrjwVmaBsE7I6ak4xYfcoDX8eVSlidmzXV0BRubitvsyzw,0
19,47,http://www.hoayachting.com/yacht-charter-destinations/images/Caribbean%20Sea-20-164.jpg,0
20,47,http://www.hoayachting.com/yacht-charter-destinations/images/Caribbean%20Sea-20-158.jpg,0
21,48,http://www.natcom.org/uploadedImages/More_Scholarly_Resources/Doctoral_Program_Resource_Guide/UPenn%20Campus.jpg,0
22,48,http://upload.wikimedia.org/wikipedia/commons/c/c2/Quadrangle_Building_at_the_University_of_Pennsylvania.jpg,0
23,48,http://www.atmtxphoto.com/Portfolio/Pennsylvania/i-5rGjCvj/0/L/phila-pa-penn-furness-library-1-L.jpg,0
24,48,https://c2.staticflickr.com/4/3252/5740136095_a388a516af_z.jpg,0
25,48,http://www.mappery.com/maps/University-of-Pennsylvania-3D-campus-map.jpg,0
1,49,www.dummy.com/u3lsjf,0
3,49,www.parisman.com,0
4,49,www.pariskid.com,0
5,49,www.dummy.com/fdgdf,0
6,49,www.paris-tourism.com/fdsfs,0
2,50,www.dummy.com/f23f,0
7,50,www.amsterdam-cool.com/fdsfsfs,0
8,50,www.dummy.com/34ds,0
9,50,www.dfsfs.com/dsfs,0
10,50,www.rent-amsterdam.com/poofds,0
11,51,www.ozu-flicks.com/img/ozu_smooth_jazz,0
12,51,www.my-tokyo-trip.com/my-pink-bento,0
13,51,www.rightstufff.com/akibatrip,0
14,51,www.dummy.com/twewy,0
4015,51,www.dummy.com/akba,0
16,52,www.brgues.com/fsdfs,0
17,52,www.dummy.com/frrel,0
18,52,www.dummy.com/belfty,0
19,52,www.dummy.com/i-film-movies,0
20,52,www.dummy.com/actor,0
21,53,www.dummy.com/cow,0
22,53,www.vnp.com/vid-news-prod,0
23,53,www.dummy.com/homeboy,0
24,53,www.dummy.com/cctus,0
25,53,www.dummy.com/dummy,0
1,54,https://spencerwade.files.wordpress.com/2013/02/a25.jpg,0
2,54,https://spencerwade.files.wordpress.com/2013/02/a25.jpg,0
3,54,https://spencerwade.files.wordpress.com/2013/02/a25.jpg,0
4,54,https://spencerwade.files.wordpress.com/2013/02/a25.jpg,0
5,54,https://spencerwade.files.wordpress.com/2013/02/a25.jpg,0
6,55,https://spencerwade.files.wordpress.com/2013/02/a25.jpg,0
7,55,https://spencerwade.files.wordpress.com/2013/02/a25.jpg,0
8,55,https://spencerwade.files.wordpress.com/2013/02/a25.jpg,0
9,55,https://spencerwade.files.wordpress.com/2013/02/a25.jpg,0
10,55,https://spencerwade.files.wordpress.com/2013/02/a25.jpg,0
11,56,https://spencerwade.files.wordpress.com/2013/02/a25.jpg,0
12,56,https://spencerwade.files.wordpress.com/2013/02/a25.jpg,0
13,56,https://spencerwade.files.wordpress.com/2013/02/a25.jpg,0
14,56,https://spencerwade.files.wordpress.com/2013/02/a25.jpg,0
15,56,https://spencerwade.files.wordpress.com/2013/02/a25.jpg,0
16,57,https://spencerwade.files.wordpress.com/2013/02/a25.jpg,0
17,57,https://spencerwade.files.wordpress.com/2013/02/a25.jpg,0
18,57,https://spencerwade.files.wordpress.com/2013/02/a25.jpg,0
19,57,https://spencerwade.files.wordpress.com/2013/02/a25.jpg,0
20,57,https://spencerwade.files.wordpress.com/2013/02/a25.jpg,0
21,58,https://spencerwade.files.wordpress.com/2013/02/a25.jpg,0
22,58,https://spencerwade.files.wordpress.com/2013/02/a25.jpg,0
23,58,https://spencerwade.files.wordpress.com/2013/02/a25.jpg,0
24,58,https://spencerwade.files.wordpress.com/2013/02/a25.jpg,0
25,58,https://spencerwade.files.wordpress.com/2013/02/a25.jpg,0
6,59,http://www.ocfrealty.com/wp-content/uploads/2011/06/BlindPig1-560x350.jpg,0
7,59,http://www.qatar.northwestern.edu/images/carousels/C-Doha.png,0
8,59,http://i.imgur.com/jnXMXxs.jpg,0
9,59,http://www.kathyloperevents.com/kilimanjaro/images/v031108.jpg,0
10,59,http://upload.wikimedia.org/wikipedia/commons/a/ae/Apra_Harbor.jpg,0
1,60,http://www.brinker.com/images/ourstory/Presidente+Margarita+thumb.jpg,0
2,60,http://img.groundspeak.com/waymarking/display/204eb7bd-14cd6-414145-8360-837cc573f818.JPG,0
3,60,http://s3-media1.fl.yelpcdn.com/bphoto/ahfqXk0wJ5bph2N73RBs4Q/ls.jpg,0
4,60,http://www.blogcdn.com/www.dailyfinance.com/media/2013/01/starbucks--435cs013013.jpg,0
5,60,http://i.imgur.com/ZlJMPm0.jpg,0
21,61,http://farm1.static.flickr.com/56/151382996_52a5033111_m.jpg,0
22,61,http://www.lambdachiwjc.org/pictures/lca_house.jpg,0
23,61,http://upload.wikimedia.org/wikipedia/commons/6/66/Baristas_first_starbucks.jpg,0
24,61,http://momdoesreviews.katsmediaandmore.netdna-cdn.com/wp-content/uploads/2014/02/chilis_large.jpg,0
25,61,http://www.kyforward.com/wp-content/uploads/2013/07/Paris-Antiques-Gallery-District-by-Bobby-Shiflet_DSC0714-LR_440.jpg,0
11,62,https://militarytravelexchange.com/blog/wp-content/uploads/2014/03/Guam-Beach.jpg,0
12,62,http://www.destination360.com/australia-south-pacific/guam/images/s/guam-overview.jpg,0
13,62,http://farm3.static.flickr.com/2271/2334042433_78daa1ebcb.jpg,0
14,62,http://i.imgur.com/zk9Oalh.jpg,0
15,62,http://i.imgur.com/1nkEy2p.jpg,0
16,63,http://s3-media4.fl.yelpcdn.com/bphoto/JWQNaj0AYDmmoNCdxyoA1g/ls.jpg,0
17,63,http://cdn.phillymag.com/wp-content/uploads/2014/06/wawa-robbed-sandwiches-philadelphia.jpg,0
18,63,http://www.facilities.upenn.edu/sites/default/files/styles/maplocation_640x400px/public/bi0555.jpg,0
19,63,http://pennpunch.files.wordpress.com/2011/11/wawa-11.jpg,0
20,63,http://news.regis.org/wp-content/uploads/2013/06/Regis_Graduation.jpg,0
8,64,http://www.premierelimosf.com/files/817/236791.jpg,0
9,64,Part=1,0
10,64,http://zablogreb.likecroatia.hr/wp-content/uploads/2013/07/National-Lampoons-European-Vacation-national-lampoons-european-vacation-27237996-1024-669.jpg,0
12,64,http://www.africadreamsafaris.com/blog/wp-content/uploads/2009/04/african-safari-april-22-2009_0001_layer-21.jpg,0
13,64,http://www.jetblue.com/img/vacations/destination/Cancun-960-x-420.jpg,0
17,65,http://www.glasbergen.com/wp-content/gallery/vacation-cartoons/vacation26.gif,0
18,65,http://blog.iso50.com/wp-content/uploads/2009/07/iso50-vacation.jpg,0
19,65,http://www.howdididoit.com/wp-content/uploads/2008/05/vacation-credit-card-savings.jpg,0
5062,65,http://www.entrepreneur.com/dbimages/article/h1/vacation-4-steps-to-a-business-thrives-without-you.jpg,0
8000,65,https://www.youtube.com/watch?v=oQONhRMHBTU,0
5,66,http://www.icelandvacationguide.com/images/island13.jpg,0
98,66,http://www.premierelimosf.com/files/817/236791.jpg,0
7062,66,http://www.entrepreneur.com/dbimages/article/h1/vacation-4-steps-to-a-business-thrives-without-you.jpg,0
8111,66,https://www.youtube.com/watch?v=oQONhRMHBTU,0
8050,66,http://colorfulsouthamerica.com/Common/Images/Destinations/poas-volcano.jpg,0
813,67,http://www.jetblue.com/img/vacations/destination/Cancun-960-x-420.jpg,0
14,67,http://i2.cdn.turner.com/money/dam/assets/140730120927-employee-mandatory-vacation-620xa.jpg,0
1715,67,http://www.crescentmag.com/wp-content/uploads/2013/08/original-summer-vacation-book-glasses-bookmark-sand-300x168.jpg,0
16,67,http://images.bwbx.io/cms/2012-08-31/0831_lifestyle_vacation_630x420.jpg,0
8765,67,https://www.youtube.com/watch?v=oQONhRMHBTU,0
1,68,http://files.mom.me/photos/2013/06/19/6-46015-plane-1371685974.jpg,0
2,68,http://primetimeresorts.net/wp-content/uploads/2013/01/bigstock-Family-On-Vacation-7507084.jpg,0
15,68,http://www.crescentmag.com/wp-content/uploads/2013/08/original-summer-vacation-book-glasses-bookmark-sand-300x168.jpg,0
1717,68,http://www.glasbergen.com/wp-content/gallery/vacation-cartoons/vacation26.gif,0
1718,68,http://blog.iso50.com/wp-content/uploads/2009/07/iso50-vacation.jpg,0
6035,68,http://indianapublicmedia.org/ethergame/files/2014/07/On-Vacation.jpg,0
7040,68,https://www.youtube.com/watch?v=qF8wHQPq504,0
13,69,http://upload.wikimedia.org/wikipedia/commons/2/20/Golden-Temple-Jan-07.jpg,0
14,69,http://upload.wikimedia.org/wikipedia/commons/9/9c/Golden_Temple_India.jpg,0
15,69,http://www.horizonholidays.co.in/images/golden-temple.jpg,0
16,69,http://www.pushpinderbagga.com/wp-content/uploads/2010/06/The-Golden-Temple-Amritsar.jpg,0
2,69,http://www.businessdestinations.com/wp-content/uploads/2013/12/Tokyo-Main-Image.jpg,0
26,70,http://deangelisviaggi.it/wp-content/uploads/2014/09/roma.jpg,0
22,70,http://i.imgur.com/8Dwm5Du.gif,0
23,70,http://i.imgur.com/K8X9DJK.jpg,0
24,70,http://i.imgur.com/oTYz1ym.jpg,0
25,70,http://upload.wikimedia.org/wikipedia/commons/7/75/Collage_Rome.jpg,0
5,70,http://thepalladiantraveler.files.wordpress.com/2013/02/la-dolce-vita-vatican-overlook.jpg,0
6,70,http://www.chud.com/wp-content/uploads/2013/04/ladolcevita3.jpg,0
7,70,http://www.sentierinelcinema.it/wp-content/uploads/2011/11/ottoemezzo.jpg,0
3,70,http://www.sensesofcinema.com/wp-content/uploads/2010/02/la-dolce-vita2.jpg,0
0,70,http://www.adaderana.lk/bizenglish/wp-content/uploads/Italyn.jpg,0
4,70,http://altscreen.com/wp-content/uploads/2011/06/dolce-vita3.jpg,0
8,71,http://1.bp.blogspot.com/-GVU1nggquIc/Thyyk21HtFI/AAAAAAAAFNE/RimEOo5MwDs/s1600/dasboot.jpg,0
9,71,http://m.cdn.blog.hu/sm/smokingbarrels/image/Das_Boot.jpg,0
10,71,http://www.ip-art.com/media/86365/das_boot.png,0
11,71,http://www.writerscafe.org/uploads/stories/44a86d8b67fe79e19a5e7c40055f13db.jpg,0
12,71,http://cinephilefix.files.wordpress.com/2011/04/das_boot-matte.jpg,0
1,71,http://www.beerables.net/images/products/detail/SpatenBootGlass.jpg,0
27,72,http://www.caesarspalace.com/content/dam/clv/Art/Caesars-Las-Vegas-Art-1.jpg,0
28,72,http://upload.wikimedia.org/wikipedia/commons/0/03/Caesars_Palace_-_Across_Bellagio_Lake.jpg,0
29,72,http://www.atmtxphoto.com/Portfolio/Nevada/i-DVb7njs/0/L/las-vegas-caesars-palace-lobby-L.jpg,0
30,72,http://upload.wikimedia.org/wikipedia/commons/b/bd/Bellagio_caesar's_palace_2010.JPG,0
31,72,http://images.oyster.com/photos/lobby-caesars-palace-hotel-casino-v220206-720.jpg,0
17,73,https://volcanogeek.files.wordpress.com/2011/04/mount-vesuvius-italy_thumb.jpg,0
18,73,http://i1-news.softpedia-static.com/images/news2/Mount-Vesuvius-Set-To-Erupt-Again-2.jpg,0
19,73,http://upload.wikimedia.org/wikipedia/commons/0/00/Joseph_Wright_of_Derby_-_Vesuvius_from_Portici.jpg,0
20,73,http://www.bible-history.com/resource/mount-vesuvius-eruption-pompeii.jpg,0
21,73,http://blogs.getty.edu/iris/files/2010/04/vesuvius.jpg,0
4,74,www.vid.com,1
3,75,www.abc.com,0
1,78,http://www.acuteaday.com/blog/wp-content/uploads/2012/03/adorable-hamster-eating-strawberry.jpg,0
6,78,http://www.acuteaday.com/blog/wp-content/uploads/2012/03/adorable-hamster-eating-strawberry.jpg,0
7,78,http://www.acuteaday.com/blog/wp-content/uploads/2012/03/adorable-hamster-eating-strawberry.jpg,0
8,78,http://www.acuteaday.com/blog/wp-content/uploads/2012/03/adorable-hamster-eating-strawberry.jpg,0
9,78,http://www.acuteaday.com/blog/wp-content/uploads/2012/03/adorable-hamster-eating-strawberry.jpg,0
2,79,http://www.acuteaday.com/blog/wp-content/uploads/2012/03/adorable-hamster-eating-strawberry.jpg,0
17,79,http://www.acuteaday.com/blog/wp-content/uploads/2012/03/adorable-hamster-eating-strawberry.jpg,0
23,79,http://www.acuteaday.com/blog/wp-content/uploads/2012/03/adorable-hamster-eating-strawberry.jpg,0
24,79,http://www.acuteaday.com/blog/wp-content/uploads/2012/03/adorable-hamster-eating-strawberry.jpg,0
25,79,http://www.acuteaday.com/blog/wp-content/uploads/2012/03/adorable-hamster-eating-strawberry.jpg,0
4,80,http://www.acuteaday.com/blog/wp-content/uploads/2012/03/adorable-hamster-eating-strawberry.jpg,0
13,80,http://www.acuteaday.com/blog/wp-content/uploads/2012/03/adorable-hamster-eating-strawberry.jpg,0
14,80,http://www.acuteaday.com/blog/wp-content/uploads/2012/03/adorable-hamster-eating-strawberry.jpg,0
15,80,http://www.acuteaday.com/blog/wp-content/uploads/2012/03/adorable-hamster-eating-strawberry.jpg,0
16,80,http://www.acuteaday.com/blog/wp-content/uploads/2012/03/adorable-hamster-eating-strawberry.jpg,0
18,81,http://www.acuteaday.com/blog/wp-content/uploads/2012/03/adorable-hamster-eating-strawberry.jpg,0
19,81,http://www.acuteaday.com/blog/wp-content/uploads/2012/03/adorable-hamster-eating-strawberry.jpg,0
20,81,http://www.acuteaday.com/blog/wp-content/uploads/2012/03/adorable-hamster-eating-strawberry.jpg,0
21,81,http://www.acuteaday.com/blog/wp-content/uploads/2012/03/adorable-hamster-eating-strawberry.jpg,0
22,81,http://www.acuteaday.com/blog/wp-content/uploads/2012/03/adorable-hamster-eating-strawberry.jpg,0
3,82,http://www.acuteaday.com/blog/wp-content/uploads/2012/03/adorable-hamster-eating-strawberry.jpg,1
5,82,http://www.acuteaday.com/blog/wp-content/uploads/2012/03/adorable-hamster-eating-strawberry.jpg,0
10,82,http://www.acuteaday.com/blog/wp-content/uploads/2012/03/adorable-hamster-eating-strawberry.jpg,0
11,82,http://www.acuteaday.com/blog/wp-content/uploads/2012/03/adorable-hamster-eating-strawberry.jpg,0
12,82,http://www.acuteaday.com/blog/wp-content/uploads/2012/03/adorable-hamster-eating-strawberry.jpg,0
8,83,http://www.johncarltonryan.com/Ryan%20New/2010/02/46PhillySkyline2.jpg,0
9,83,http://images.fineartamerica.com/images-medium-large-5/philly-sunset-jennifer-lyon.jpg,0
10,83,http://ohjoy.blogs.com/photos/uncategorized/2008/01/29/philly2.jpg,0
11,83,http://www.johncarltonryan.com/Ryan%20New/2010/02/46PhillySkyline2.jpg,0
12,83,http://1.bp.blogspot.com/_M3Q3489wEr4/SUkju6uatRI/AAAAAAAAAGs/Hr4qipvMTXo/S660/IMG_7457e.jpg,0
13,83,http://images5.fanpop.com/image/photos/25400000/Nymeria-Arya-s-direwolf-game-of-thrones-direwolves-25439740-643-719.jpg,0
15,83,http://store.picbg.net/pubpic/71/40/62c9cf67270f7140.jpg,0
14,83,http://image.donga.com/mlbpark/fileUpload/201306/51af205a197d7d814367.jpg,0
16,83,http://s1.static.gotsmile.net/images/2012/01/07/384629-315022395186051-161642313857394-1037030-712422927_132597259269.jpg,0
17,83,http://img0.joyreactor.com/pics/post/funny-pictures-auto-677818.jpeg,0
18,84,https://www.apple.com/retail/fifthavenue/images/fifthavenue_hero.jpg,0
19,84,http://upload.wikimedia.org/wikipedia/commons/4/47/New_york_times_square-terabass.jpg,0
20,84,http://timedotcom.files.wordpress.com/2014/03/world-trade-center.jpg,0
21,84,http://img.timeinc.net/time/photoessays/2008/new_york/ny_central_park.jpg,0
22,84,https://encrypted-tbn2.gstatic.com/images?q=tbn:ANd9GcQw4klmFN1hpl9_ExGM5VSMlF2t94-inq_cr97gUSKb1P0zm_Rd,0
26,84,http://img2.wikia.nocookie.net/__cb20120325164921/dexter/images/9/9f/400px-BloodSlideBox1.jpg,0
27,84,http://fc04.deviantart.net/fs71/i/2011/088/9/9/dexter_morgan___dark_passenger_by_dwros89-d3cqgwc.jpg,0
25,84,http://i704.photobucket.com/albums/ww43/Beta2G/vlcsnap2040519.png,0
23,84,http://www.seeing-stars.com/Dexter/DextersDock1.jpg,0
24,84,http://www.mommywantsvodka.com/wp-content/uploads/2011/09/dexter-does-dessert.jpg,0
3,87,http://www.thelandofshadow.com/wp-content/uploads/2013/08/map-of-mordor-type.jpg,0
4,87,http://longboxgraveyard.files.wordpress.com/2012/11/eye-of-sauron_0.jpg,0
5,87,http://fc02.deviantart.net/fs70/i/2013/029/0/c/the_gates_of_mordor_by_twoscoopsxd-d5t49b1.jpg,0
6,87,http://upload.wikimedia.org/wikipedia/en/8/8e/Mount_Doom.jpg,0
7,87,http://4.bp.blogspot.com/-eN3sbs3dQRU/UQLiEHYEhTI/AAAAAAAAAW4/YFo7cCQzNlk/s1600/the-lord-of-the-rings-the-return-of-the-king.jpg,0
6,88,http://upload.wikimedia.org/wikipedia/commons/5/52/New_York_Midtown_Skyline_at_night_-_Jan_2006_edit1.jpg,0
7,88,http://i.huffpost.com/gen/1843717/thumbs/o-NEW-YORK-facebook.jpg,0
8,88,http://i.huffpost.com/gen/1843717/thumbs/o-NEW-YORK-facebook.jpg,0
9,88,http://i.huffpost.com/gen/1843717/thumbs/o-NEW-YORK-facebook.jpg,0
10,88,http://i.huffpost.com/gen/1843717/thumbs/o-NEW-YORK-facebook.jpg,0
1,89,http://upload.wikimedia.org/wikipedia/commons/2/2f/Space_Needle002.jpg,0
2,89,http://www.dwt.com/files/Uploads/Images/Offices/Seattle/seattle.jpg,0
3,89,http://depts.washington.edu/biowww/images/seattle_kerry_park.png,0
4,89,http://www.strengthsinternational.com/wp-content/uploads/2013/12/seattle_night.jpg,0
5,89,http://wwwdesignspongecom.c.presscdn.com/wp-content/uploads/2008/07/seattle.jpg,0
11,90,http://i.huffpost.com/gen/1843717/thumbs/o-NEW-YORK-facebook.jpg,0
12,90,http://i.huffpost.com/gen/1843717/thumbs/o-NEW-YORK-facebook.jpg,0
13,90,http://i.huffpost.com/gen/1843717/thumbs/o-NEW-YORK-facebook.jpg,0
14,90,http://i.huffpost.com/gen/1843717/thumbs/o-NEW-YORK-facebook.jpg,0
15,90,http://i.huffpost.com/gen/1843717/thumbs/o-NEW-YORK-facebook.jpg,0
16,91,http://i.huffpost.com/gen/1843717/thumbs/o-NEW-YORK-facebook.jpg,0
17,91,http://i.huffpost.com/gen/1843717/thumbs/o-NEW-YORK-facebook.jpg,0
18,91,http://i.huffpost.com/gen/1843717/thumbs/o-NEW-YORK-facebook.jpg,0
19,91,http://i.huffpost.com/gen/1843717/thumbs/o-NEW-YORK-facebook.jpg,0
20,91,http://i.huffpost.com/gen/1843717/thumbs/o-NEW-YORK-facebook.jpg,0
21,92,http://i.huffpost.com/gen/1843717/thumbs/o-NEW-YORK-facebook.jpg,0
22,92,http://i.huffpost.com/gen/1843717/thumbs/o-NEW-YORK-facebook.jpg,0
23,92,http://i.huffpost.com/gen/1843717/thumbs/o-NEW-YORK-facebook.jpg,0
24,92,http://i.huffpost.com/gen/1843717/thumbs/o-NEW-YORK-facebook.jpg,0
25,92,http://i.huffpost.com/gen/1843717/thumbs/o-NEW-YORK-facebook.jpg,0
1,93,http://hawaii-tourismus.com/images/wallpaper/hawaii-wallpaper-09.jpg,0
2,93,http://tourismupdates.com/wp-content/uploads/2014/05/hawaii-wallpaper-1920x1080wallpapers-hawaii-free-cool-and-for-your-or-1920x1080-et9ihujr.jpg,0
3,93,http://www.cruisebrothers.com/images/Destinations/hawaii.JPG,0
4,93,https://www.youtube.com/watch?v=TnnV2_QTYl4,1
21,93,http://1.bp.blogspot.com/-o0_Td7LFhCo/UNh93wpne8I/AAAAAAAAB1U/x9tvyPEt2fw/s1600/Hawaii-beach.jpg,0
13,94,http://cache.graphicslib.viator.com/graphicslib/thumbs674x446/2402/SITours/yosemite-national-park-and-giant-sequoias-trip-in-san-francisco-117263.jpg,0
14,94,http://www.yosemitesouthgate.com/assets/themes/southgate/images/half-dome-yosemite.jpg,0
15,94,http://images.nationalgeographic.com/wpf/media-live/photos/000/020/cache/yosemite-deep-valley_2013_600x450.jpg,0
16,94,https://www.youtube.com/watch?v=39pPnaFcT1Y,1
22,94,http://cdn.allyosemite.com/images/content/12305_12567_Yosemite_Valley_md.jpg,0
5,95,http://www.bluemagnetinteractive.com/images/stories/blog/poconos-islands-beach.jpg,0
6,95,http://www.destination360.com/north-america/us/pennsylvania/poconos,0
7,95,http://rentals.prr1.com/rental-pictures/LHE810/front.jpg,0
8,95,https://www.youtube.com/watch?v=A-2siI4XWmo,1
23,95,http://pocononp.org/image017.jpg,0
17,96,http://www.scenictours.co.uk/TourImages/UK_565x400_Grand%20Aus.jpg?width=150,0
18,96,http://atlastravel.s3.amazonaws.com/sitehomepics/australiamainharbour.jpg,0
19,96,http://www.primarktravelhouse.com/images/australia-images/australia-tourist-map.gif,0
20,96,https://www.youtube.com/watch?v=QCgKd7oghLI,1
25,96,http://insideevs.com/wp-content/uploads/2013/05/Australia-Kangaroo.jpg,0
9,96,http://upload.wikimedia.org/wikipedia/commons/9/99/Tokyo_odaiba.jpg,0
10,96,http://media-cdn.tripadvisor.com/media/photo-s/03/9b/2e/18/tokyo.jpg,0
11,96,http://upload.wikimedia.org/wikipedia/commons/d/d4/Tokyo_by_night_2011.jpg,0
12,96,https://www.youtube.com/watch?v=ryYsq11vB5s,1
24,96,http://www.hdwallpapers.in/walls/tokyo_city_in_cars_2-wide.jpg,0
111,98,http://upload.wikimedia.org/wikipedia/commons/2/2b/GoraBeluha.jpg,0
112,98,http://i.telegraph.co.uk/multimedia/archive/02625/mountain1_2625884k.jpg,0
113,98,http://upload.wikimedia.org/wikipedia/commons/2/20/Red_Slate_Mountain_1.jpg,0
114,98,http://upload.wikimedia.org/wikipedia/commons/d/d3/Tajik_mountains_edit.jpg,0
115,98,http://www.mrwallpaper.com/wallpapers/mountains-scenery.jpg,0
226,99,http://ichef.bbci.co.uk/naturelibrary/images/ic/credit/640x395/m/mo/mountain/mountain_1.jpg,0
227,99,http://channel.nationalgeographic.com/exposure/content/photo/photo/50757_mountains-of-chile_u4otpkuoohegc34cxym6cgqbe3ncurxrbvj6lwuht2ya6mzmafma_610x457.jpg,0
228,99,http://i.telegraph.co.uk/multimedia/archive/02423/london_2423609b.jpg,0
229,99,http://srinistuff.files.wordpress.com/2014/08/london_nla_londonsgrowingupc2a9cpat-hayes-davidson-jason-hawkes.jpg,0
230,99,http://libertychurchlondon.com/wp-content/uploads/2013/01/london1.jpg,0
511,100,http://cdni.wired.co.uk/1920x1280/k_n/London_5.jpg,0
512,100,http://web.fredonia.edu/iecmap/sites/default/files/images/city-of-London.jpg,0
513,100,http://cache.graphicslib.viator.com/graphicslib/thumbs674x446/2050/SITours/eiffel-tower-paris-moulin-rouge-show-and-seine-river-cruise-in-paris-150305.jpg,0
514,100,http://img4.wikia.nocookie.net/__cb20131213104910/disney/images/f/f6/Eiffel_Tower,_Paris.jpg,0
515,100,http://oproimg-mdz.open-system.fr/boutique/otparis-museumpass/pcp/arc_600_390.jpg,0
516,101,http://www.milanocard.it/wp-content/uploads/2014/03/Venezia-milano.jpg,0
517,101,http://i.telegraph.co.uk/multimedia/archive/02370/Venice-winter_2370349b.jpg,0
518,101,http://www.telegraph.co.uk/travel/destination/article129429.ece/ALTERNATES/w620/venicetravelguide5.jpg,0
519,101,http://foundtheworld.com/wp-content/uploads/2014/07/Venice-Italy-3.jpg,0
520,101,http://www.newjetsetters.com/wp-content/uploads/2013/06/Venice-at-Night.jpg,0
521,102,http://www.topvisitplaces.com/wp-content/uploads/2014/02/rialto-bridge-venice-italy.jpg,0
522,102,http://www.bmiregional.com/upload/milan.jpg,0
523,102,http://cache.graphicslib.viator.com/graphicslib/media/68/cinque-terre-day-trip-from-milan-photo_1079656-fit468x296.jpg,0
524,102,http://drupal.in-cdn.net/cdn/article/public/living_in_milan.jpg,0
525,102,http://www.castanotours.com/images/info-milan4.jpg,0
526,102,http://upload.wikimedia.org/wikipedia/commons/2/23/Hong_Kong_Skyline_Restitch_-_Dec_2007.jpg,0
